method,mean_accuracy,ci95_low,ci95_high,clean_accuracy,mean_fit_time_sec,datasets,seeds
cart_fixed,0.767356985072517,0.7188611944527908,0.8158527756922432,0.7975128096665557,0.0033768307405054924,27,30
cart_pruned,0.7872578744833943,0.7368574031637728,0.8376583458030159,0.823577418166626,0.05056006456787276,27,30
cart_tuned_depth,0.783018392947978,0.7342960252973539,0.8317407605986021,0.8180762471985128,0.028498503827147807,27,30
extra_trees,0.8267231064318444,0.7767170182250139,0.8767291946386749,0.8319998079783701,0.06280681172839074,27,30
linear_svm,0.8350923914001326,0.7854432813226804,0.8847415014775848,0.8487419943136305,0.0372315216048769,27,30
mags_binary_excluded,0.7679914317407182,0.7197493808827706,0.8162334825986657,0.7983292047461854,0.09120778432090758,27,30
mags_fixed,0.7692898910838937,0.720895369061982,0.8176844131058053,0.7988581259758114,0.09068620395054389,27,30
mags_fixed_unrestricted,0.7712263530802937,0.7222781653317633,0.8201745408288242,0.8019813753697017,0.1104251362962837,27,30
mags_tuned,0.7857256450001399,0.736591666677931,0.8348596233223488,0.8191155851304155,2.402395831852105,27,30
matched_gini,0.7672335762858593,0.7186191449624925,0.8158480076092262,0.7977214098501874,0.09059824333331265,27,30
matched_gini_unrestricted,0.7689310456770218,0.7196937974565405,0.818168293897503,0.8010490401567062,0.11117239185177931,27,30
noise_augmented_cart,0.7789872060828287,0.7327563701892291,0.8252180419764282,0.8015710666132941,0.02172732555544046,27,30
random_forest,0.831360597960699,0.7861530184889928,0.8765681774324053,0.8437636171126447,0.09835105592585781,27,30
rbf_svm,0.8624934503309589,0.8144328377891176,0.9105540628728003,0.8666130038110373,0.034109652468966585,27,30
