method,attack_success_rate,attacked_accuracy,median_min_flip_linf,datasets,seeds
cart_fixed,0.03194436923624367,0.7892959555331097,0.49563231206446207,27,30
cart_pruned,0.0336245972561234,0.8132274831230781,0.4648580796343874,27,30
cart_tuned_depth,0.038117297376104024,0.8065063415616097,0.4785030261045759,27,30
mags_binary_excluded,0.052554283684004395,0.7851580802512763,0.48297359800057493,27,30
mags_fixed,0.04734021621261886,0.786678235123343,0.4556122722678483,27,30
mags_fixed_unrestricted,0.05238781301791541,0.785403017039522,0.4568315387275623,27,30
mags_tuned,0.049758772237487744,0.8051059822113936,0.4760199000046436,27,30
matched_gini,0.05464664999090075,0.7838720963439957,0.47686273571326704,27,30
matched_gini_unrestricted,0.057663936237418265,0.7838540923130617,0.40986498210545386,27,30
noise_augmented_cart,0.029353687295367425,0.7983145357865316,0.5019372280990752,27,30
