method,outcome,mean,n_datasets,n_seeds
matched_gini,clean_accuracy,0.8325963860756206,14,30
matched_gini,noisy_accuracy,0.8100150202996678,14,30
matched_gini,attack_success_rate,0.061085853564190336,14,30
matched_gini,attacked_accuracy,0.8151010400690046,14,30
mags_fixed,clean_accuracy,0.8340271747432594,14,30
mags_fixed,noisy_accuracy,0.8129913447385432,14,30
mags_fixed,attack_success_rate,0.052744447553382624,14,30
mags_fixed,attacked_accuracy,0.8184024210174711,14,30
cart_fixed,clean_accuracy,0.8338106737059386,14,30
cart_fixed,noisy_accuracy,0.8117184212648806,14,30
cart_fixed,attack_success_rate,0.03478211259981553,14,30
cart_fixed,attacked_accuracy,0.8237651297489348,14,30
cart_tuned_depth,clean_accuracy,0.834204867343389,14,30
cart_tuned_depth,noisy_accuracy,0.8106226275804477,14,30
cart_tuned_depth,attack_success_rate,0.03658993157751287,14,30
cart_tuned_depth,attacked_accuracy,0.8216237027187752,14,30
cart_pruned,clean_accuracy,0.8368497336578528,14,30
cart_pruned,noisy_accuracy,0.8124068553106129,14,30
cart_pruned,attack_success_rate,0.03169105266874494,14,30
cart_pruned,attacked_accuracy,0.8268955846697769,14,30
noise_augmented_cart,clean_accuracy,0.8379806739344218,14,30
noise_augmented_cart,noisy_accuracy,0.8223868874047653,14,30
noise_augmented_cart,attack_success_rate,0.022842478869703534,14,30
noise_augmented_cart,attacked_accuracy,0.8351839614082567,14,30
groot,clean_accuracy,0.837931893304272,14,30
groot,noisy_accuracy,0.8143615423124088,14,30
groot,attack_success_rate,0.014019559511895109,14,30
groot,attacked_accuracy,0.837651602957319,14,30
chen_heuristic,clean_accuracy,0.8383959054632862,14,30
chen_heuristic,noisy_accuracy,0.8153682475959438,14,30
chen_heuristic,attack_success_rate,0.01876569563272013,14,30
chen_heuristic,attacked_accuracy,0.8380737369173977,14,30
