family,outcome,method,baseline,datasets,seeds,mean_delta,ci95_low,ci95_high,median_delta,rank_biserial,wins,ties,losses,raw_p,holm_p
primary,accuracy_at_sigma_0.2,mags_fixed,matched_gini,27,30,0.0020563147980344238,-0.0008386992574086166,0.004951328853477464,0.0,0.19480519480519481,11,6,10,0.43418687955840585,0.43418687955840585
secondary_strong_baselines,accuracy_at_sigma_0.2,mags_tuned,cart_tuned_depth,27,30,0.002707252052161598,-0.0010804927401068943,0.0064949968444300895,0.0,0.16809116809116809,13,1,13,0.45371236574430684,0.9074247314886137
secondary_strong_baselines,accuracy_at_sigma_0.2,mags_tuned,cart_pruned,27,30,-0.0015322294832546515,-0.006643119018764432,0.0035786600522551295,-0.002614379084967307,-0.2804232804232804,9,0,18,0.21085703372955322,0.6325711011886597
secondary_strong_baselines,accuracy_at_sigma_0.2,mags_tuned,noise_augmented_cart,27,30,0.006738438917311013,-0.010057618114130503,0.02353449594875253,-0.00063492063492064,-0.042328042328042326,13,0,14,0.8593128323554993,0.9074247314886137
secondary_strong_baselines,accuracy_at_sigma_0.2,mags_tuned,random_forest,27,30,-0.04563495296055935,-0.07220676123252419,-0.019063144688594505,-0.026499999999999958,-0.7936507936507936,3,0,24,0.00010977685451507568,0.0006586611270904541
secondary_strong_baselines,accuracy_at_sigma_0.2,mags_tuned,extra_trees,27,30,-0.04099746143170471,-0.06934623128213291,-0.012648691581276517,-0.02892561983471076,-0.5767195767195767,8,0,19,0.007585808634757996,0.030343234539031982
secondary_strong_baselines,accuracy_at_sigma_0.2,mags_tuned,linear_svm,27,30,-0.04936674639999282,-0.08725692229078195,-0.011476570509203685,-0.04523809523809526,-0.746031746031746,5,0,22,0.0003387331962585449,0.0016936659812927246
secondary_strong_baselines,accuracy_at_sigma_0.2,mags_tuned,rbf_svm,27,30,-0.07676780533081905,-0.1065070488182704,-0.04702856184336769,-0.04833333333333328,-1.0,0,0,27,1.4901161193847656e-08,1.043081283569336e-07
exploratory_ablation,accuracy_at_sigma_0.2,mags_binary_excluded,matched_gini,27,30,0.0007578554548587987,-0.0011500052047154377,0.002665716114433035,0.0,0.06493506493506493,9,6,12,0.7943374591300819,0.7943374591300819
exploratory_ablation,accuracy_at_sigma_0.2,mags_binary_excluded,mags_fixed,27,30,-0.001298459343175625,-0.0030442174784240782,0.0004472987920728284,0.0,-0.41818181818181815,3,17,7,0.24112136827741826,0.4822427365548365
