family,outcome,method,baseline,datasets,seeds,mean_delta,ci95_low,ci95_high,median_delta,rank_biserial,better_direction,wins,ties,losses,raw_p,holm_p
constrained_attack_attack_success_rate,attack_success_rate,mags_fixed,matched_gini,27,30,-0.007306433778281886,-0.012135934196274397,-0.002476933360289376,-0.0008333333333333335,-0.6600790513833992,lower,16,5,6,0.006710454387418814,0.013420908774837629
constrained_attack_attack_success_rate,attack_success_rate,mags_fixed,cart_fixed,27,30,0.01539584697637519,0.004789874008188219,0.02600181994456216,0.00842105263157894,0.841897233201581,lower,3,5,19,0.0005450266182985319,0.0027251330914926596
constrained_attack_attack_success_rate,attack_success_rate,mags_tuned,cart_tuned_depth,27,30,0.011641474861383717,0.0015045655948295478,0.021778384127937887,0.0072380952380952405,0.7318840579710145,lower,4,4,19,0.0021269364671226854,0.006380809401368056
constrained_attack_attack_success_rate,attack_success_rate,mags_tuned,cart_pruned,27,30,0.01613417498136434,0.004826152024718514,0.02744219793801017,0.009523809523809518,0.7536231884057971,lower,3,4,20,0.0015606913947156687,0.006242765578862675
constrained_attack_attack_success_rate,attack_success_rate,mags_binary_excluded,mags_fixed,27,30,0.005214067471385526,0.0011934732340019615,0.00923466170876909,0.0,0.9636363636363636,lower,1,17,9,0.0069104298078147995,0.013420908774837629
constrained_attack_attacked_accuracy,attacked_accuracy,mags_fixed,matched_gini,27,30,0.0028061387793471217,0.00020968929992163212,0.005402588258772611,0.0005280528052805249,0.427536231884058,higher,15,4,8,0.07273623070102449,0.29094492280409795
constrained_attack_attacked_accuracy,attacked_accuracy,mags_fixed,cart_fixed,27,30,-0.0026177204097669526,-0.010394938507523713,0.005159497687989808,0.00029761904761904656,0.12615384615384614,higher,15,2,10,0.581228130412935,1.0
constrained_attack_attacked_accuracy,attacked_accuracy,mags_tuned,cart_tuned_depth,27,30,-0.0014003593502161112,-0.008359667956185087,0.005558949255752864,0.00043564356435643603,0.026455026455026454,higher,14,0,13,0.9153143465518951,1.0
constrained_attack_attacked_accuracy,attacked_accuracy,mags_tuned,cart_pruned,27,30,-0.008121500911684542,-0.015472017489130737,-0.0007709843342383477,-0.006547619047619028,-0.5132275132275133,higher,9,0,18,0.018655240535736084,0.09327620267868042
constrained_attack_attacked_accuracy,attacked_accuracy,mags_binary_excluded,mags_fixed,27,30,-0.0015201548720666955,-0.003583677639697069,0.0005433678955636782,0.0,-0.4909090909090909,higher,3,17,7,0.1688069535565081,0.5064208606695243
